wind_mw,pv_mw,electrolyzer_mw,n_electrolyzer_units,battery_mw,battery_mwh,battery_duration_h,feasible,agsr,infeasibility_reason,total_wind_mwh,total_pv_mwh,total_renewable_mwh,total_grid_sales_mwh,total_electrolyzer_load_mwh,total_curtailment_mwh,battery_throughput_mwh,electrolyzer_cf,total_h2_kg,npc_cny,annualized_cost_cny,lcoe_cny_per_kwh,lcoh_cny_per_kg,score,algorithm,seed,n_evaluations,elapsed_s
137.50085601431942,62.499143985680575,90.0,18,20.0,20.0,1.0,True,0.1943263927929625,,483951.9697777822,102908.58485356825,586860.5546313504,114042.49465398763,470238.3539570818,0.0,24727.46862984918,0.5948167804557298,8503675.81711728,2485287622.160805,165027351.47410813,0.28244525191336495,19.40659016444631,0.28244525191336495,gwo,42,600,1.5788762000011047
127.66455297836842,72.33544702163158,85.0,17,20.0,20.0,1.0,True,0.19647573618690456,,449367.04031101766,119104.64708847649,568471.6873994941,111690.89328322749,454319.88031752734,0.0,23753.88032897698,0.6084858570630121,8215810.018432442,2406431921.9881,159791198.02768183,0.28231123059928404,19.44923235434911,0.28231123059928404,gwo,43,600,1.5796850999995513
137.58073758053487,62.41926241946513,90.0,18,15.0,30.0,2.0,True,0.19484813544679527,,484043.2744079664,102777.05506914428,586820.3294771106,114340.84704088909,470286.53759628476,0.0,21167.319766580986,0.594877729199915,8504547.158308448,2502760859.934989,166187604.3663041,0.2842624357554546,19.541029201531146,0.2842624357554546,gwo,44,600,1.569691899998361
160.3613641831841,39.638635816815906,100.0,20,20.0,20.0,1.0,True,0.1988845783673084,,556275.5121108232,65267.38859605949,621542.9007068827,123615.2977442822,494902.1535156587,0.0,29029.990733529303,0.5634131984467882,8949689.958880885,2648177299.8000026,175843504.84145817,0.2842983726380865,19.64799961220629,0.2842983726380865,gwo,45,600,1.5756822000003012
157.58890753450692,42.411092465493084,100.0,20,15.0,30.0,2.0,True,0.19847109596636192,,553592.7950718289,69832.40456409584,623425.1996359248,123731.88262478996,497313.8102239956,0.0,22968.102130455576,0.5661587092713976,8993301.771182662,2661017334.3693414,176696105.1115113,0.28451385646198163,19.647523190837497,0.28451385646198163,gwo,46,600,1.5933982000005926
152.6076438736092,47.39235612639081,95.0,19,25.0,25.0,1.0,True,0.19858702798076772,,536228.9373657312,78034.35360587691,614263.2909716081,121984.7213517372,488818.88141393714,0.0,33178.20213690279,0.5857766290551447,8839681.548411934,2588471250.208808,171878920.96667513,0.2813980143345911,19.44401730145511,0.2813980143345911,gwo,47,600,1.6630093000003399
162.672411650516,37.32758834948399,100.0,20,25.0,25.0,1.0,True,0.19859120616907727,,571071.9854110819,61462.11048781789,632534.0958988998,125615.70904762931,503070.2961603861,0.0,36927.24290042692,0.5727120857927893,9097400.66026079,2667698057.6942663,177139716.57378748,0.2817618256273681,19.47146478307459,0.2817618256273681,gwo,48,600,1.67493579999973
142.5830575880749,57.416942411925106,100.0,20,5.0,10.0,2.0,True,0.19821422712811312,,501430.9712065835,94540.4354911453,595971.4066977288,118130.0117690447,477464.7462610201,0.0,3592.844555584974,0.5435618696049864,8634356.134796366,2583035415.900122,171517972.26560104,0.2879776390794613,19.864593212038752,0.2879776390794613,gwo,49,600,1.6001978000003874
157.81226249388737,42.187737506112626,100.0,20,20.0,20.0,1.0,True,0.19662206992993578,,553844.6870100646,69464.63724243245,623309.324252497,122556.3695411555,497804.5455017474,0.0,28286.36266357913,0.5667173787588199,9002176.108375508,2644036659.6561866,175568559.2495483,0.2830103492857965,19.502902091217873,0.2830103492857965,gwo,50,600,1.5846824000000197
158.2921814436462,41.7078185563538,100.0,20,20.0,20.0,1.0,True,0.19702758331639153,,554383.6997516725,68674.42194003715,623058.1216917096,122759.63598256774,497332.7687585073,0.0,28453.425000198375,0.5661802923024901,8993644.612701435,2644816217.28525,175620323.21026602,0.2832163752813547,19.52715842943617,0.2832163752813547,gwo,51,600,1.580209300000206
152.5499213333063,47.45007866669371,95.0,19,25.0,25.0,1.0,True,0.19853771927693434,,536163.5954501083,78129.39722660372,614292.992676712,121960.32973383693,488872.3435371473,0.0,33184.29476980181,0.5858406954476407,8840648.344421763,2588377488.446151,171872695.02516925,0.28137442960409753,19.441186701382236,0.28137442960409753,gwo,52,600,1.5853851000010764
152.61865173978254,47.381348260217464,95.0,19,25.0,25.0,1.0,True,0.19864283015640022,,536241.3982702394,78016.22849474872,614257.6267649881,122017.873425751,488780.1855050477,0.0,33177.0402530487,0.5857302577713638,8838981.781024022,2588489130.865655,171880108.27289104,0.2814025122702043,19.445690977878474,0.2814025122702043,gwo,53,600,1.5849779000000126
142.70165321463074,57.29834678536926,90.0,18,20.0,40.0,2.0,True,0.19715551034269313,,501565.2214558447,94345.16068703789,595910.3821428826,117487.0155098893,475283.1139832913,0.0,30138.124444325917,0.6011980292239568,8594904.028251143,2537882595.9314985,168519747.74439627,0.2842919023070223,19.606937691273558,0.2842919023070223,gwo,54,600,1.594027000001006
152.85152511647559,47.148474883524415,95.0,19,25.0,25.0,1.0,True,0.19888360555511617,,536504.327448887,77632.78852873825,614137.1159776254,122141.80393085067,488534.11740241514,0.0,33192.742978643924,0.5854353817975447,8834531.945411695,2588867399.3576536,171905225.94813475,0.28149992482562686,19.45832863702706,0.28149992482562686,gwo,55,600,1.5900537999987137
142.58506252006688,57.414937479933116,90.0,18,25.0,25.0,1.0,True,0.19972195021861922,,501433.2407895984,94537.13425050635,595970.3750401047,119028.36557553161,473850.7176092024,0.0,29838.581437526977,0.5993861536242694,8569000.921232404,2509312968.3529243,166622675.57864246,0.281039895493707,19.444819426472716,0.281039895493707,gwo,56,600,1.604647300000579
142.69598667554524,57.30401332445476,90.0,18,25.0,25.0,1.0,True,0.19981702691282568,,501558.8069335999,94354.49098312066,595913.2979167205,119073.62348753605,473749.4126172977,0.0,29828.63898051535,0.5992580102930805,8567168.94644225,2509493148.301422,166634639.83558568,0.28108664759464286,19.45037396569438,0.28108664759464286,gwo,57,600,1.5928616000001057
152.8267257717246,47.1732742282754,95.0,19,30.0,30.0,1.0,True,0.19637464149201503,,536476.452985387,77673.62213558261,614150.0751209696,120603.5008241745,489792.44106505404,0.0,35994.92433946871,0.5869432953037269,8857287.163930228,2604593918.2380223,172949493.71641758,0.28333984852704597,19.526237607009573,0.28333984852704597,gwo,58,600,1.584238399998867
152.62357780471422,47.376422195285784,95.0,19,25.0,25.0,1.0,True,0.19864703519897117,,536246.9745757421,78008.11743372152,614255.0920094637,122019.9528835512,488775.6251585686,0.0,33176.520305293314,0.5857247928752859,8838899.312829444,2588497132.5323963,171880639.59725684,0.2814045251411498,19.445932521007038,0.2814045251411498,gwo,59,600,1.5830795000001672
117.90332259733515,82.09667740266485,85.0,17,10.0,10.0,1.0,True,0.1976496970505813,,414867.9188888241,135177.0976995111,550045.0165883352,108716.23089286641,440427.0501232377,0.0,8703.969591349014,0.5898787235123188,7964575.462253981,2359042637.7982206,156644468.45466357,0.2852524539038653,19.66764822519907,0.2852524539038653,gwo,60,600,1.5963678999996773
148.83861739814293,51.16138260185707,95.0,19,20.0,20.0,1.0,True,0.19576663392167357,,520226.23715639464,84240.281497541,604466.5186539356,118334.37567523349,483403.0511175429,0.0,26169.409988739066,0.5792865630303218,8741742.99292511,2566582220.2148986,170425451.91382906,0.28322228986517634,19.495591674538847,0.28322228986517634,gwo,61,600,1.5862938999998732
152.6530505832483,47.3469494167517,95.0,19,25.0,25.0,1.0,True,0.19870011278986607,,536280.3377610426,77959.58873817106,614239.9264992137,122049.54267543281,488730.30154691124,0.0,33182.005892181405,0.5856704792768086,8838079.691679548,2588545006.719001,171883818.52518007,0.28141697888545364,19.448095572955403,0.28141697888545364,gwo,62,600,1.63006089999908
152.75335551925636,47.24664448074364,95.0,19,20.0,40.0,2.0,True,0.19641765992435153,,536393.8829486038,77794.4306518334,614188.3136004372,120637.43131028165,490168.3332156388,0.0,32649.93108012254,0.5873937460641823,8864084.70599347,2617088180.4821267,173779134.1123146,0.28450801253847696,19.60485937085117,0.28450801253847696,gwo,63,600,1.578144599998268
152.76860612844862,47.231393871551376,95.0,19,25.0,25.0,1.0,True,0.1987988304961846,,536411.1265063446,77769.31961014474,614180.4461164894,122098.35440158301,488623.2859215775,0.0,33169.68468154724,0.5855422369877977,8836144.447185887,2588732709.6777754,171896282.3228807,0.2814642072154551,19.45376553657696,0.2814642072154551,gwo,64,600,1.5798605999989377
147.64810248678964,52.35189751321036,95.0,19,20.0,20.0,1.0,True,0.1946456681124496,,518889.6692738901,86200.5356220216,605090.2048959117,117778.18720026375,484599.4366315923,0.0,26010.040124286366,0.5807202528899342,8763378.137056079,2564648404.135901,170297043.21661857,0.28270811610385155,19.432807822877677,0.28270811610385155,gwo,65,600,1.5928041999995912
157.70309136755068,42.296908632449316,100.0,20,15.0,30.0,2.0,True,0.1985630619650966,,553721.9786640622,69644.39404231361,623366.3727063758,123777.53569065359,497202.69437174354,0.0,23032.15449560799,0.5660322112610924,8991292.37918445,2661202809.1838064,176708420.95661646,0.2845636823878604,19.65328381109154,0.2845636823878604,gwo,66,600,1.580014499999379
149.22828208655892,50.77171791344108,95.0,19,20.0,20.0,1.0,True,0.19605274150410298,,520658.48613538244,83598.675243518,604257.1613789004,118466.2730618206,483050.63733219716,0.0,26277.12302185686,0.5788642475939473,8735370.027898235,2567215173.0932627,170467481.06819853,0.28339599123910825,19.51462622920093,0.28339599123910825,gwo,67,600,1.5964185999982874
162.61908989866527,37.380910101334734,100.0,20,20.0,40.0,2.0,True,0.1965724428396001,,571012.0287500175,61549.90794670998,632561.9366967275,124344.2451438242,504525.6711434982,0.0,35569.67691681727,0.5743689334511591,9123719.306846255,2695991687.53626,179018462.01748523,0.28466691978901093,19.621215427260392,0.28466691978901093,gwo,68,600,1.6017111000001023
142.55872678777985,57.44127321222015,90.0,18,20.0,40.0,2.0,True,0.19698125688882762,,501403.4287406494,94580.49761147276,595983.9263521222,117397.66289837951,475445.7829326268,0.0,30140.32396480607,0.6014037934282367,8597845.693895852,2537650433.0079412,168504331.72894457,0.28423074070212084,19.598436367446826,0.28423074070212084,gwo,69,600,1.5904281000002811
157.57704636587835,42.422953634121654,100.0,20,20.0,20.0,1.0,True,0.1963564022983792,,553579.3682289413,69851.93468883731,623431.3029177786,122414.72772112604,498076.6852513129,0.0,28204.130777320326,0.5670271917706203,9007097.417298488,2643654585.709825,175543188.88562217,0.28290994075919546,19.489429363613244,0.28290994075919546,gwo,70,600,1.5733016000012867
147.59712584212974,52.40287415787026,95.0,19,20.0,20.0,1.0,True,0.19462010344379158,,518831.963712135,86284.47172143019,605116.4354335652,117767.82325961888,484639.05495347385,0.0,25980.852584827,0.5807677295483101,8764094.58513579,2564565600.0868664,170291544.88605043,0.2826852598217052,19.430591857699806,0.2826852598217052,gwo,71,600,1.6041798000005656
127.51123370364763,72.48876629635237,85.0,17,20.0,20.0,1.0,True,0.19637777483281071,,449191.79638001183,119357.0964595576,568548.8928395694,111650.36645949278,454440.45040750614,0.0,23726.488315796436,0.6086473406293611,8217990.378562135,2406182877.4143214,159774661.0417639,0.2822421001740122,19.44205988103371,0.2822421001740122,pso,42,600,1.586490000001504
117.51140297174805,82.48859702825195,80.0,16,20.0,40.0,2.0,True,0.19429294776139347,,414419.7389284604,135822.41684267804,550242.1557711384,106908.17042735832,440542.02845626936,0.0,26939.257106071273,0.6269097627166856,7966654.7024135,2371208595.526002,157452308.86881095,0.28761028709075476,19.763917823764938,0.28761028709075476,pso,43,600,1.5943138999991788
127.50677201784981,72.49322798215019,85.0,17,20.0,20.0,1.0,True,0.1963743466369795,,449186.6966731449,119364.44289252025,568551.1395656652,111648.85856191764,454444.19461379375,0.0,23726.588869207553,0.6086523553704513,8218058.087876346,2406175630.0630674,159774179.8052374,0.28224013509603096,19.441841137743182,0.28224013509603096,pso,44,600,1.5993042000009154
137.50672306788385,62.493276932116146,90.0,18,15.0,30.0,2.0,True,0.19478621294748,,483958.6758200063,102898.92439838321,586857.6002183895,114311.76948598631,470352.71195580706,0.0,21168.99868381575,0.5949614348762992,8505743.839302348,2502640634.2634926,166179621.1759605,0.28423074506964835,19.537341391366283,0.28423074506964835,pso,45,600,1.5981718999992154
142.5163041776412,57.48369582235881,90.0,18,25.0,25.0,1.0,True,0.19968781997537854,,501355.4063459725,94650.34898057574,596005.7553265482,119015.08997393728,473901.569039693,0.0,29817.389044397663,0.5994504769273591,8569920.506111199,2509201280.555586,166615259.31775483,0.2810095766155975,19.441867541121496,0.2810095766155975,pso,46,600,1.6124079000001075
142.50853220725054,57.49146779274946,90.0,18,20.0,40.0,2.0,True,0.19693819795137188,,501346.60847549024,94663.14599543739,596009.7544709276,117377.0870069441,475491.7787117631,0.0,30144.26440059392,0.6014619746910583,8598677.47035866,2537568899.3068676,168498917.75165516,0.28420942217532674,19.595910921476495,0.28420942217532674,pso,47,600,1.6228141999999934
142.5023434179007,57.497656582099296,90.0,18,25.0,25.0,1.0,True,0.19967586408146637,,501339.60276594624,94673.33620786805,596012.9389738142,119009.39859333064,473914.31309466914,0.0,29818.653255485173,0.5994665972154791,8570150.966496238,2509178603.358178,166613753.51303685,0.281003694452871,19.44116902542197,0.281003694452871,pso,48,600,1.6323420999997325
132.5722843840156,67.4277156159844,85.0,17,20.0,40.0,2.0,True,0.19945342764852703,,466647.59485600865,111023.77331023278,577671.3681662414,115218.53443517105,459520.10970639595,0.0,28308.011258142265,0.6154506987388781,8309849.699639774,2458550853.551744,163251984.28071535,0.2840456021963678,19.645600122923067,0.2840456021963678,pso,49,600,1.6220738999982132
127.50021183171692,72.49978816828308,85.0,17,20.0,20.0,1.0,True,0.1963693060796139,,449179.198380395,119375.24463200434,568554.4430123994,111646.64144282625,454449.69986254483,0.0,23726.73671670805,0.6086597287347917,8218157.643453381,2406164974.0071845,159773472.2248898,0.2822372457954161,19.441519517718916,0.2822372457954161,pso,50,600,1.6128413000005821
127.51980131646708,72.48019868353292,85.0,17,20.0,20.0,1.0,True,0.1963843579484378,,449201.5891614645,119342.9893717705,568544.578533235,111653.26202031453,454433.2605444719,0.0,23726.295226741502,0.6086377110045965,8217860.358830868,2406196794.2391095,159775585.1427473,0.2822458736852574,19.442479935918275,0.2822458736852574,pso,51,600,1.6154716000000917
127.51725906759152,72.48274093240848,85.0,17,20.0,20.0,1.0,True,0.19638240454461722,,449198.6833709997,119347.17533684851,568545.8587078482,111652.40282693144,454435.39397668926,0.0,23726.352521631354,0.6086405683819368,8217898.939299267,2406192664.730352,159775310.93629852,0.2822447539736059,19.442355292570976,0.2822447539736059,pso,52,600,1.5913712000001397
157.55454357975293,42.44545642024707,100.0,20,15.0,30.0,2.0,True,0.1984445446213909,,553553.8950750474,69888.98687431941,623442.8819493668,123718.83880588965,497344.5097565781,0.0,22968.35888366355,0.566193658648199,8993856.934049793,2660961515.1875677,176692398.62231165,0.2844998002720484,19.645898296799995,0.2844998002720484,pso,53,600,1.5982843000001594
132.75355393617397,67.24644606382603,90.0,18,15.0,15.0,1.0,True,0.19442081853212342,,466853.8385887086,110725.30213286863,577579.1407215772,112293.40930616955,463590.8635152518,0.0,16229.86339311657,0.5864081961081408,8383464.219660327,2461809527.5763474,163468365.812898,0.2838562772551851,19.49890421546062,0.2838562772551851,pso,54,600,1.6063278000001446
142.5338723974735,57.46612760252651,90.0,18,25.0,25.0,1.0,True,0.19970286568163093,,501375.2935708226,94621.42185412177,595996.7154249444,119022.25200720089,473885.53192111634,0.0,29815.798161185532,0.5994301911570487,8569630.49476638,2509229817.540437,166617154.22238764,0.28101697892792665,19.44274660665283,0.28101697892792665,pso,55,600,1.6050694000005024
117.6004467622328,82.3995532377672,80.0,16,15.0,30.0,2.0,True,0.1996377441790273,,414521.7318093021,135675.80090709208,550197.5327163942,109840.1942843675,438227.01853307185,0.0,20562.834816942297,0.6236154066101318,7924790.627025728,2344549671.0491943,155682110.65902355,0.28405660294603524,19.644949372934157,0.28405660294603524,pso,56,600,1.6101256999991165
132.5022911146021,67.49770888539791,85.0,17,20.0,40.0,2.0,True,0.19934601353813206,,466567.592549069,111139.02142157123,577706.6139706402,115163.51048965967,459607.6543000364,0.0,28334.315729246824,0.615567950150054,8311432.834740506,2458437159.797451,163244434.8208529,0.2840163961262439,19.64094976963736,0.2840163961262439,pso,57,600,1.6126145999987784
152.50852792720661,47.491472072793385,95.0,19,25.0,25.0,1.0,True,0.1985023780069528,,536116.7381144034,78197.55394959758,614314.2920640011,121942.84781836194,488910.6722002792,0.0,33188.66385727582,0.5858866266420756,8841341.470626876,2588310250.956291,171868230.34077123,0.28135751814203575,19.43915761106615,0.28135751814203575,pso,58,600,1.6022250000005442
132.5267667183067,67.4732332816933,90.0,18,15.0,15.0,1.0,True,0.19419389345197843,,466595.5681641033,111098.72087375482,577694.2890378581,112184.70321323426,463817.90137159015,0.0,16199.135286340843,0.5866953822247396,8387569.916935482,2461441145.152708,163443904.58951256,0.2837554957018309,19.486443178196375,0.2837554957018309,pso,59,600,1.601655300000857
127.50878025076825,72.49121974923175,85.0,17,20.0,20.0,1.0,True,0.19637588968619243,,449188.9920833707,119361.13621670817,568550.1283000789,111649.53727612685,454442.50932292815,0.0,23726.543609483,0.6086500982038575,8218027.611486962,2406178892.1415777,159774396.41283327,0.28224101958810316,19.441939595031837,0.28224101958810316,pso,60,600,1.6148886999999377
142.51068346235357,57.48931653764643,90.0,18,20.0,40.0,2.0,True,0.1969400425317586,,501349.0436962669,94659.60382503003,596008.647521297,117377.96839214014,475489.8078730333,0.0,30144.095520158873,0.6014594817256543,8598641.830191273,2537572393.7038455,168499149.78559485,0.2842103358139502,19.596019128737993,0.2842103358139502,pso,61,600,1.655029999999897
138.7073425773237,61.292657422676314,90.0,18,20.0,20.0,1.0,True,0.1955724816347484,,485311.8248383567,100922.0324477935,586233.8572861502,114651.21028776333,468976.1767768174,0.0,24985.809102739426,0.5932202195618517,8480850.912524935,2487247381.834861,165157482.87043077,0.2829844632567858,19.474164158046705,0.2829844632567858,pso,62,600,1.6103308000001562
117.52087658433285,82.47912341566715,80.0,16,15.0,30.0,2.0,True,0.19957418274658478,,414430.59568848263,135806.8179719995,550237.4136604822,109813.18214788524,438292.89933027374,0.0,20572.605845086837,0.6237091577445836,7925981.999310153,2344420421.017998,155673528.23575148,0.2840208008930016,19.64091367470942,0.2840208008930016,pso,63,600,1.6252973999999085
127.50403583192406,72.49596416807594,85.0,17,20.0,20.0,1.0,True,0.19637224426540745,,449183.5692126318,119368.94818657005,568552.5173992019,111647.93382442839,454446.49079622596,0.0,23726.650534874017,0.6086554307246143,8218099.611479974,2406171185.532144,159773884.68077764,0.2822389299944859,19.441706992403372,0.2822389299944859,pso,64,600,1.5971853000010015
127.529173964699,72.470826035301,85.0,17,20.0,20.0,1.0,True,0.1963715821320944,,449212.3020983935,119327.55674494768,568539.8588433412,111645.07158622454,454433.55561853945,0.0,23756.948266373245,0.6086381062071942,8217865.69487841,2406212018.725322,159776596.07468724,0.2822515961495439,19.44259032783466,0.2822515961495439,pso,65,600,1.6252222000002803
152.52925533375614,47.47074466624386,95.0,19,20.0,40.0,2.0,True,0.19626879764743596,,536140.2015386175,78163.42503294899,614303.6265715664,120568.63417766083,490355.62632495805,0.0,32619.20723542154,0.5876181889619381,8867471.668947527,2616724162.7466965,173754962.71169603,0.2844132635504515,19.59464537339975,0.2844132635504515,pso,66,600,1.6386715000007825
127.51787985599553,72.48212014400447,85.0,17,25.0,25.0,1.0,True,0.19252723407297637,,449199.3929321454,119346.15317155031,568545.5461036956,109460.50143585438,456217.927910237,0.0,27674.739515145426,0.6110279758789202,8250133.848630555,2421960474.8719687,160822320.51499477,0.28429989932778754,19.49329834711588,0.28429989932778754,pso,67,600,1.6139492000002065
117.50284158993487,82.49715841006513,80.0,16,15.0,30.0,2.0,True,0.19956126458874246,,414409.9275849025,135836.51367074,550246.4412556426,109807.87565243122,438307.1591910226,0.0,20573.32234614614,0.6237294501238368,7926239.871157452,2344391125.826633,155671582.98490855,0.284012612479002,19.640029259192247,0.284012612479002,pso,68,600,1.6292557000015222
117.71081771417187,82.28918228582813,80.0,16,15.0,30.0,2.0,True,0.19971652876046325,,414647.8858073685,135494.06852247583,550141.9543298443,109872.44144425381,438139.64726018545,0.0,20558.44995813749,0.6234910736284515,7923210.626215282,2344728952.400044,155694015.24754506,0.2841068992029406,19.650369350576785,0.2841068992029406,pso,69,600,1.6173100999985763
127.50572433012941,72.49427566987059,85.0,17,20.0,20.0,1.0,True,0.19637354163606455,,449185.49916608044,119366.16797311815,568551.6671391986,111648.50447921333,454445.0738238341,0.0,23726.612481039232,0.6086535329259537,8218073.987296491,2406173928.248718,159774066.80185208,0.2822396736610216,19.441789773228013,0.2822396736610216,pso,70,600,1.6344410000001517
142.51129559807816,57.48870440192184,90.0,18,20.0,40.0,2.0,True,0.196940567405003,,501349.73663390713,94658.59590688685,596008.332540794,117378.21918869368,475489.2470744594,0.0,30144.047465538417,0.6014587723568855,8598631.688846504,2537573388.0281463,168499215.81043014,0.2842105957887715,19.596049919081263,0.2842105957887715,pso,71,600,1.6216236999989633
127.64322890492909,72.35677109507091,85.0,17,20.0,20.0,1.0,True,0.19645932428063415,,449342.6668950765,119139.75845290505,568482.4253479815,111683.6731492805,454337.78914408764,0.0,23754.35576949767,0.6085098429552229,8216133.877288387,2406397284.1724005,159788898.01743966,0.28230183599402325,19.44818577739335,0.28230183599402325,ga,42,600,1.6018385999996099
142.6990274518846,57.300972548115396,90.0,18,20.0,40.0,2.0,True,0.1971532538911072,,501562.249092416,94349.48416270706,595911.733255123,117485.93724313701,475285.5219714297,0.0,30138.33091876578,0.6012010751510698,8594947.573721921,2537878330.7667623,168519464.5301583,0.2842907867957235,19.606805403372963,0.2842907867957235,ga,43,600,1.5656529999996565
136.52910285998192,63.47089714001808,90.0,18,15.0,15.0,1.0,True,0.19569131842435286,,469357.46334350697,104508.63463925451,573866.0979827615,112300.61331328544,459824.0643157474,0.0,16679.2092465761,0.5816434733805751,8315346.340735279,2467942350.5643444,163875595.75511643,0.2864333635008378,19.70760916503519,0.2864333635008378,ga,44,600,1.5671951999993325
137.50401638863747,62.49598361136253,90.0,18,15.0,30.0,2.0,True,0.19478394869686594,,483955.5820856277,102903.3811079177,586858.9631935454,114310.70617898747,470355.1318771721,0.0,21169.060081104915,0.5949644958980622,8505787.600570688,2502636237.661823,166179329.23408523,0.2842295862309695,19.537206551329305,0.2842295862309695,ga,45,600,1.6750095000006695
132.50152137018767,67.49847862981233,90.0,18,10.0,20.0,2.0,True,0.19813104676726073,,466566.71270142007,111140.28889476895,577707.001596189,114461.6929510285,462083.79637948325,0.0,11125.968778416525,0.5845018675109837,8356210.784781265,2467706858.508925,163859958.67961153,0.2842099395658905,19.609361575469254,0.2842099395658905,ga,46,600,1.678057600000102
157.5000353249695,42.4999646750305,100.0,20,20.0,20.0,1.0,True,0.19629717989520729,,553492.1917306327,69978.73798137273,623470.9297120054,122385.58524910966,498145.20357317175,0.0,28206.55300879983,0.5671051953246491,9008336.485936165,2643529492.619642,175534882.4903476,0.28287860272573906,19.48582657457268,0.28287860272573906,ga,47,600,1.7158732000007149
127.57453150535929,72.42546849464071,85.0,17,20.0,20.0,1.0,True,0.19640645608041307,,449264.14576736826,119252.87283691115,568517.0186042794,111660.41284546877,454395.48133106495,0.0,23755.913417747735,0.6085871120366776,8217177.168740705,2406285695.367753,159781488.32983613,0.2822715741919396,19.44481481276409,0.2822715741919396,ga,48,600,1.8235988999986148
142.5199910976509,57.48000890234911,90.0,18,20.0,40.0,2.0,True,0.19694802338504858,,501359.5799394235,94644.27824589891,596003.8581853224,117381.78179946204,475481.2808284716,0.0,30143.36484089352,0.6014486956441909,8598487.629195075,2537587512.5861244,168500153.7052529,0.2842142888078683,19.59648730936496,0.2842142888078683,ga,49,600,1.5800196000000142
127.5274733128052,72.4725266871948,85.0,17,20.0,20.0,1.0,True,0.19637027550752603,,449210.3582532789,119330.35697017572,568540.7152234546,111644.49688567569,454434.98267940036,0.0,23756.987067358685,0.6086400175176797,8217891.501499308,2406209256.2668715,159776412.64271843,0.2822508471168679,19.442506951274318,0.2822508471168679,ga,50,600,1.5952964999996766
127.50871067560313,72.49128932439687,85.0,17,20.0,20.0,1.0,True,0.1963758366607895,,449188.91320394014,119361.24984724881,568550.1630511889,111649.51395280552,454442.5672362293,0.0,23726.545164787254,0.6086501757690845,8218028.658776988,2406178779.126972,159774388.90847003,0.28224098908586687,19.44193620422927,0.28224098908586687,ga,51,600,1.572562100000141
122.53934272599457,77.46065727400543,85.0,17,15.0,15.0,1.0,True,0.1953765361617878,,431837.90744421806,127543.61281686524,559381.5202610833,109290.02382152536,448373.143620293,0.0,16456.5507148487,0.6005211931055033,8108270.680950731,2382339971.2505283,158191451.26734132,0.2836684588530685,19.509887803695356,0.2836684588530685,ga,52,600,1.6084988999991765
127.55550272735533,72.44449727264467,85.0,17,20.0,20.0,1.0,True,0.19639181303595,,449242.3958741097,119284.2048598958,568526.6007340054,111653.969877317,454411.4614509506,0.0,23756.34756617104,0.6086085147473356,8217466.149335083,2406254785.9213305,159779435.88969472,0.282263192639716,19.4438812385766,0.282263192639716,ga,53,600,1.5975807999984681
97.50508756438855,102.49491243561145,75.0,15,15.0,15.0,1.0,True,0.19845698989317925,,344866.83188495133,168764.01372562433,513630.84561057563,101933.63153616313,409952.4471878856,0.0,16841.298482601953,0.6222714741771184,7413480.168055038,2215919361.872344,147140837.98962715,0.2874484071854373,19.84774149982386,0.2874484071854373,ga,54,600,1.5677169000009599
142.7223937276984,57.2776062723016,90.0,18,25.0,25.0,1.0,True,0.1998904623711315,,501588.69971663726,94311.01018972197,595899.7099063592,119114.66854000528,473694.0118785439,0.0,29836.048944254355,0.5991879324511029,8566167.092981283,2509536042.667184,166637488.0948824,0.2810982591841081,19.452981279272194,0.2810982591841081,ga,55,600,1.6606021000006876
103.0117270707173,96.9882729292827,75.0,15,15.0,30.0,2.0,True,0.19756405386046802,,362833.7725568912,159697.001879432,522530.7744363232,103233.29806448982,417057.0539839481,0.0,21464.38504657691,0.6330556374984033,7541958.146283325,2257974370.1768403,149933362.51468736,0.2881724827769416,19.879898509987687,0.2881724827769416,ga,56,600,1.6482199000001856
127.78408379040832,72.21591620959168,85.0,17,15.0,30.0,2.0,True,0.19664241323506199,,449503.33114174043,118907.83244544326,568411.1635871837,111773.7429175334,454483.9287089495,0.0,20786.502294434576,0.6087055725770779,8218776.629571739,2423969564.1207376,160955727.4795018,0.2842446743673825,19.583903387807347,0.2842446743673825,ga,57,600,1.5336769000005006
152.52741750869208,47.47258249130792,95.0,19,25.0,25.0,1.0,True,0.19851850599490603,,536138.1218618224,78166.45004393412,614304.5719057566,121950.82584057112,488893.18058580754,0.0,33186.669986698456,0.5858656655471761,8841025.156532688,2588340934.298476,171870267.76720428,0.28136523557413146,19.44008355639711,0.28136523557413146,ga,58,600,1.5736911999993026
122.62335746718472,77.37664253281528,90.0,18,5.0,5.0,1.0,True,0.1992622200587603,,431933.9362933985,127405.27751222973,559339.2138056282,111455.17350883107,447607.3314642753,0.0,2670.921873436268,0.5661902087941147,8094421.920515131,2413820912.3350973,160281839.63236362,0.2866975306098805,19.801517786728276,0.2866975306098805,ga,59,600,1.6578472999990481
97.57925489380098,102.42074510619902,75.0,15,15.0,15.0,1.0,True,0.19848468505908207,,344951.9759791168,168641.89277443258,513593.8687535494,101940.51728782378,409908.7090704513,0.0,16840.096835343527,0.6222050835920633,7412689.218596359,2216039835.772155,147148837.6627556,0.28748473199753743,19.850938481759147,0.28748473199753743,ga,60,600,1.6824789000002056
122.50844683604076,77.49155316395924,85.0,17,15.0,15.0,1.0,True,0.19535309919820426,,431802.5934420009,127594.48475062591,559397.0781926268,109279.95290734986,448398.75059143594,0.0,16456.761858393373,0.6005554893810081,8108733.751177617,2382289785.4290843,158188118.8429086,0.2836545807657025,19.508362673757194,0.2836545807657025,ga,61,600,1.5172508000014204
143.0179995552879,56.9820004447121,90.0,18,30.0,30.0,1.0,True,0.19847290980883803,,501922.4632201786,93824.27748505207,595746.7407052307,118239.58913689847,474219.5632522523,0.0,31733.325836568845,0.599852716115478,8575671.035970299,2525783012.5458198,167716314.7001587,0.28308502623991183,19.55722345186511,0.28308502623991183,ga,62,600,1.6884308999997302
128.4873379521061,71.51266204789391,85.0,17,20.0,20.0,1.0,True,0.19724241736545917,,450296.52733130206,117749.88233673008,568046.4096680321,112042.84701869258,453542.2842419366,0.0,23757.39970075105,0.6074443965524705,8201748.160466493,2407768414.9598365,159879943.44830146,0.28268059857221856,19.49339827561932,0.28268059857221856,ga,63,600,1.5885671000014554
112.60146751718398,87.39853248281602,80.0,16,15.0,15.0,1.0,True,0.19883606925257288,,397136.63326741173,143906.9197195065,541043.5529869183,107578.97337036497,431745.73348095943,0.0,16461.312432649844,0.6143922664517296,7807584.647339685,2303319282.047294,152944342.26692292,0.28358489852957,19.589200652347248,0.28358489852957,ga,64,600,1.6100155999993149
148.38814389906054,51.61185610093946,95.0,19,20.0,20.0,1.0,True,0.1954675234137408,,519722.63839210785,84982.01310134065,604704.6514934485,118200.12062419362,483789.1264472316,0.0,26037.29248368332,0.5797492168143414,8748724.685118085,2565850492.382361,170376863.93345734,0.2830231017618864,19.474480003156906,0.2830231017618864,ga,65,600,1.6394005000001926
143.01486705025184,56.98513294974816,90.0,18,20.0,40.0,2.0,True,0.1973787428651867,,501918.9422845181,93829.4353422602,595748.3776267783,117588.06583994802,475007.05180660344,0.0,30263.677225917425,0.6008488309636251,8589911.7871118,2538391365.66274,168553530.92526773,0.28443287145980184,19.622265641675554,0.28443287145980184,ga,66,600,1.6639964999994845
142.50000863530684,57.49999136469316,90.0,18,25.0,25.0,1.0,True,0.19967386461862874,,501336.95979204995,94677.18056728407,596014.1403593341,119008.44677289805,473916.44439685374,0.0,29818.86468080134,0.5994692931552997,8570189.508445641,2509174810.8478303,166613501.68385917,0.28100271073989785,19.441052210066886,0.28100271073989785,ga,67,600,1.9123130000007222
117.50000625616885,82.49999374383115,80.0,16,25.0,25.0,1.0,True,0.19737668887400464,,414406.67853560764,135841.1818682201,550247.8604038277,108606.10074651305,438957.2860657014,0.0,25724.65333116962,0.6246546079031498,7937996.607152595,2342809840.068419,155566582.90432435,0.2841069849647846,19.597713453814006,0.2841069849647846,ga,68,600,1.7529911999990873
117.67523633962088,82.32476366037912,80.0,16,20.0,40.0,2.0,True,0.19441319584713307,,414607.21629625675,135552.65538732996,550159.8716835867,106958.33888085475,440410.84951000154,0.0,26926.96377909,0.6267230895804894,7964282.494311576,2371474718.695101,157469979.90268674,0.2876851369102698,19.772023407652654,0.2876851369102698,ga,69,600,1.6059285000010277
122.6213576354782,77.3786423645218,85.0,17,15.0,15.0,1.0,True,0.1954388846427024,,431931.65048575785,127408.57035494306,559340.2208407009,109316.82889690943,448305.0971918417,0.0,16455.990222215856,0.6004300562410823,8107040.145918457,2382473192.388008,158200297.37886685,0.28370530278195644,19.51394029527704,0.28370530278195644,ga,70,600,1.6790589000011096
122.53229677785204,77.46770322214796,85.0,17,15.0,15.0,1.0,True,0.19537118821513427,,431829.85392549116,127555.21439259988,559385.0683180911,109287.72546710951,448378.9850431201,0.0,16456.598867093824,0.6005290167190616,8108376.315817844,2382328526.1458263,158190691.29280177,0.2836652938240967,19.50953990433361,0.2836652938240967,ga,71,600,1.60209229999964
154.42097827091712,45.57902172908288,100.0,20,20.0,20.0,1.0,True,0.1884598001388526,,538254.9048133078,75048.58988508082,613303.4946983886,115583.05403531817,494802.2762529515,0.0,27994.42584414561,0.5632994948234875,8947883.802797662,2638528018.0622945,175202776.02013287,0.2870363479040183,19.580358873832676,0.2870363479040183,random,42,600,1.7988072000007378
128.22763083066872,71.77236916933128,85.0,17,20.0,20.0,1.0,True,0.19700787925897237,,450004.6165268065,118177.50567105346,568182.1221978599,111936.35492706267,453784.2112735459,0.0,23760.07912659804,0.6077684175419826,8206123.109959428,2407346559.002825,159851931.4907846,0.2825634085823564,19.479592171457796,0.2825634085823564,random,43,600,1.9689027999993414
112.50448653460576,87.49551346539424,80.0,16,15.0,15.0,1.0,True,0.19877570440427234,,397025.4930613771,144066.60471738613,541092.0977787632,107555.96288355906,431817.4407911918,0.0,16459.844953376523,0.6144943089583217,7808881.384866096,2303161750.728973,152933881.91778466,0.2835399018117063,19.58460813787955,0.2835399018117063,random,44,600,1.9686268999994354
164.44669781893825,35.55330218106175,100.0,20,25.0,50.0,2.0,True,0.19308568765745174,,573050.6633751113,58540.642015234866,631591.3053903462,121951.2415197626,505177.9661721848,0.0,43070.23464140193,0.5751115279737987,9135515.251210194,2725763930.343443,180995389.8925944,0.28860940883094904,19.812280415011916,0.28860940883094904,random,45,600,1.7715377999993507
138.63372883529576,61.366271164704244,90.0,18,15.0,30.0,2.0,True,0.19600132187416752,,485229.30383354344,101043.24188419165,586272.5457177351,114910.19393920939,469162.296817831,0.0,21235.949946838493,0.5934556476647326,8484216.661997579,2504471289.094743,166301179.7897687,0.28472695157106076,19.601241507028377,0.28472695157106076,random,46,600,3.240761199998815
147.99071945356553,52.00928054643447,95.0,19,30.0,30.0,1.0,True,0.18644995456463043,,519276.2911348094,85636.396260276,604912.6873950853,112785.94308038216,488518.69341453153,0.0,34826.57919486658,0.5854168984451773,8834253.021772936,2596738538.446468,172427883.05443054,0.28675628390217656,19.518105563590275,0.28675628390217656,random,47,600,2.768002000000706
112.85162513123265,87.14837486876735,85.0,17,10.0,20.0,2.0,True,0.18173492916590778,,397422.8111367328,143495.0202212031,540917.8313579359,98303.66376641093,441401.0143459935,0.0,11624.431445477043,0.5911831864700439,7982188.393947218,2372910421.981111,157565313.05796432,0.29194728051838037,19.739613409455973,0.29194728051838037,random,48,600,3.5956445000010717
139.98900912928923,60.01099087071077,90.0,18,20.0,20.0,1.0,True,0.19651689171568013,,486728.99413005915,98811.69168621211,585540.6858162712,115068.63554968125,467838.7914753419,0.0,25244.384790621654,0.5917815111760548,8460282.713862464,2489329260.3249726,165295723.1651357,0.28357113926091715,19.537848645919716,0.28357113926091715,random,49,600,4.7341867000013735
148.67845435397246,51.321545646027545,95.0,19,15.0,30.0,2.0,True,0.19663149361179114,,520048.0764120641,84503.99954502657,604552.0759570906,118873.97766155173,483408.5255030419,0.0,21906.968272717197,0.5792931232660362,8741841.990378613,2583665540.8844624,171559813.6429676,0.2848494066182149,19.62513321926759,0.2848494066182149,random,50,600,3.3758848999987094
153.78477452069384,46.215225479306156,95.0,19,25.0,25.0,1.0,True,0.19958142565994583,,537550.3021604506,76096.13747435674,613646.4396348074,122472.43127346475,487672.4764882417,0.0,33582.096602008256,0.5844028334870119,8818950.241062745,2590383325.522359,172005886.03985247,0.2819098936199428,19.504122524578907,0.2819098936199428,random,51,600,5.387613799999599
143.1927493161407,56.80725068385931,90.0,18,30.0,30.0,1.0,True,0.19863581287218973,,502118.8819513772,93536.54153466882,595655.423486046,118318.49923587916,474051.86217289837,0.0,31708.941408947085,0.5996405866384568,8572638.370512439,2526066867.7870393,167735163.17397025,0.28315927686702935,19.566340713838336,0.28315927686702935,random,52,600,5.478005200000553
154.1674848433465,45.8325151566535,95.0,19,25.0,25.0,1.0,True,0.19988548676121085,,537975.04806927,75465.9820001944,613441.0300694644,122617.95889473346,487309.4549075108,0.0,33698.74077373999,0.5839678061876986,8812385.447248768,2591004982.0581036,172047165.09773925,0.28207809848258736,19.52333634605741,0.28207809848258736,random,53,600,5.02142509999976
122.63691880387645,77.36308119612355,90.0,18,5.0,10.0,2.0,True,0.1956529701503679,,431949.4369012371,127382.94795891637,559332.3848601535,109435.0423991777,449527.8330114465,0.0,3523.9335139627897,0.5686195013805992,8129151.802554712,2424879701.9622264,161016162.18980172,0.2880623548952448,19.80725247856731,0.2880623548952448,random,54,600,3.410450999999739
136.52753311114495,63.47246688885505,90.0,18,15.0,15.0,1.0,True,0.19569252049123304,,469357.46334350697,104511.21932475717,573868.6826682641,112301.8089423362,459825.45179323555,0.0,16679.224487466334,0.5816452284371022,8315371.431540109,2467939800.7386246,163875426.44232482,0.2864317743427113,19.707529337865438,0.2864317743427113,random,55,600,5.2005194000012125
119.63633188369352,80.36366811630648,85.0,17,10.0,20.0,2.0,True,0.19216960887330173,,416806.88056905475,132323.59408611612,549130.4746551709,105526.18853489473,442403.1750429343,0.0,11508.194857985665,0.5925254139115695,8000311.223809409,2383931178.532809,158297110.15410337,0.2889005785717825,19.7863690206203,0.2889005785717825,random,56,600,5.22754950000126
143.21547275814055,56.78452724185945,90.0,18,20.0,40.0,2.0,True,0.19753853444678646,,502144.423100185,93499.12602607012,595643.5491262551,117662.55374708289,474822.43764966965,0.0,30314.813556809968,0.6006153076928629,8586573.26967994,2538717220.0806518,168575168.21628973,0.28452225906833956,19.632414808774268,0.28452225906833956,random,57,600,3.4905017000000953
142.58415713339824,57.415842866601764,95.0,19,15.0,15.0,1.0,True,0.19547030978440233,,501432.2158918894,94538.6250238974,595970.8409157868,116494.6048962796,477737.30439244607,0.0,16655.186903550624,0.5724970093860201,8639285.00963497,2540655969.200778,168703904.47587365,0.28390246608904957,19.527530841698876,0.28390246608904957,random,58,600,5.342056900000898
138.6314226115169,61.36857738848309,90.0,18,30.0,30.0,1.0,True,0.18865626152952364,,485226.71855668724,101047.0392198078,586273.7577764951,110604.21537497905,472352.91590120166,0.0,31795.297848956827,0.5974915451087858,8541915.040091528,2518657664.560064,167243179.39946526,0.286887612187443,19.57911997655191,0.286887612187443,random,59,600,5.287873799999943
132.6803140326175,67.3196859673825,90.0,18,10.0,20.0,2.0,True,0.19839521107456656,,466770.9310178827,110845.89602182708,577616.8270397098,114596.41232076463,461860.45509999135,0.0,11110.981912772902,0.5842193572910233,8352171.935501113,2467997280.8481297,163879243.21996838,0.28428708630571814,19.621152974999905,0.28428708630571814,random,60,600,5.46393050000006
153.19818832741652,46.80181167258348,100.0,20,15.0,15.0,1.0,True,0.1992264887506014,,536893.9768979846,77061.98678356715,613955.9636815517,122316.2908917673,489814.9765796738,0.0,17483.02640092261,0.5576217857236724,8857694.690685725,2620774974.1862307,174023943.52390727,0.2842918713215811,19.646640531300033,0.2842918713215811,random,61,600,3.4901593000013236
152.85636733367048,47.14363266632952,95.0,19,25.0,25.0,1.0,True,0.19888768285848807,,536509.7701010141,77624.81552803292,614134.585629047,122143.80469901889,488529.63863893785,0.0,33192.23764062949,0.5854300146665442,8834450.952544244,2588875264.8260994,171905748.22870064,0.2815019223515917,19.45856614656888,0.2815019223515917,random,62,600,5.093393299999661
126.26685180969855,73.73314819030145,85.0,17,15.0,15.0,1.0,True,0.196284907440753,,434590.24383658054,121406.04579801642,555996.289634597,109133.68024832896,445105.9643685169,0.0,16826.164758558498,0.5961453503274897,8049187.807425591,2388394760.5958223,158593499.64213616,0.2861460763092366,19.703043764965877,0.2861460763092366,random,63,600,5.143914000000223
140.74131834303628,59.25868165696372,90.0,18,30.0,30.0,1.0,True,0.18949965950689177,,486741.0730969702,97572.96949544505,584314.0425924152,110727.31211635814,470246.5976523476,0.0,32022.191774777355,0.5948272081212654,8503824.894093849,2522084879.3321843,167470752.3257265,0.28825864554296265,19.693579584645466,0.28825864554296265,random,64,600,5.099579799998537
143.09466333966134,56.90533666033866,90.0,18,20.0,40.0,2.0,True,0.19742096774244336,,502008.6333138144,93698.04597120611,595706.6792850206,117604.9891150861,474945.9018439873,0.0,30288.08199039993,0.6007714807781664,8588805.966087334,2538520982.978771,168562137.7368814,0.28446862591676325,19.62579413278684,0.28446862591676325,random,65,600,3.416792100000748
129.44421514454717,70.55578485545283,85.0,17,15.0,30.0,2.0,True,0.19818540882028834,,451362.14786982525,116174.32671351501,567536.4745833402,112477.44823572447,452895.05827308807,0.0,20887.62259953568,0.6065775450994965,8190043.883745565,2426666202.924053,161134788.91111454,0.28500641091680484,19.674471980658367,0.28500641091680484,random,66,600,5.168350199999622
130.2578694129121,69.7421305870879,90.0,18,10.0,20.0,2.0,True,0.1908425676092453,,451973.8535900438,114834.59621517916,566808.4498052229,108171.17990344478,457430.9642886165,0.0,11558.334924773892,0.578616378628588,8272070.102935006,2464062376.4539113,163617958.83393136,0.2892810087692519,19.779566275179196,0.2892810087692519,random,67,600,1.8436335000005784
129.69773259170861,70.30226740829139,90.0,18,10.0,20.0,2.0,True,0.19068579270587308,,451641.66170833155,115756.89504870612,567398.5567570376,108194.84357538405,457995.91846722545,0.0,11572.708420221257,0.5793310039304107,8282286.596647161,2463152516.7109113,163557542.58984703,0.28887356268369896,19.74787284661925,0.28887356268369896,random,68,600,1.9817102999986673
139.2170989163003,60.7829010836997,90.0,18,20.0,20.0,1.0,True,0.19592076848490836,,485878.7757346288,100082.68809651348,585961.4638311423,114802.02029633924,468531.092205212,0.0,25197.015696678798,0.5926572204579185,8472802.111579023,2488075405.906868,165212465.08590624,0.283221475937502,19.499153044082675,0.283221475937502,random,69,600,1.9635842999996385
158.49482482364772,41.50517517635228,100.0,20,25.0,25.0,1.0,True,0.18965430753690896,,554610.8629806541,68340.75747463778,622951.6204552919,118145.45820644373,501016.96255418094,0.0,36358.79971590222,0.5703745019970183,9060268.67563081,2660912183.363619,176689122.90477413,0.2853679696641088,19.50153237508405,0.2853679696641088,random,70,600,1.7255987000007735
153.9252802183911,46.074719781608906,95.0,19,25.0,25.0,1.0,True,0.19969113183321996,,537706.4039905921,75864.78642549759,613571.1904160897,122524.72547444508,487544.2986286015,0.0,33588.220510320214,0.584249231411899,8816632.303880164,2590611556.3280435,172021040.95594794,0.28196980039899866,19.51096915771821,0.28196980039899866,random,71,600,1.7703941999989183
